group,mean_gc_skew,mean_gc_skew_stddev,n
Spermatophyta,-0.0028903824348663026,0.10918162248005076,9272554
Euteleostomi,-0.0020881072190416417,0.0835375790871318,5831760
Insecta,-0.00561508452346642,0.09431519188786328,5034626
Eurotiomycetes,0.0002362630066977052,0.08838443193374207,1843995
Sordariomycetes,0.0005852344323353787,0.0948704686594566,1729862
Dothideomycetes,8.584629881987006e-05,0.09516825007358372,856857
Bivalvia,0.0025705665444669583,0.09387981818394532,628146
Agaricomycetes,0.0009522487884744794,0.09939653907370835,595852
Multicrustacea,-0.005900627249549428,0.14445800265611922,543295
Arachnida,-0.002350597311643247,0.08776360896324882,497738
Gastropoda,0.0037135082506212225,0.11067540835863489,352173
Scleractinia,0.000968817574449802,0.07191284688588084,328556
Pichiomycetes,0.0009695973300800734,0.11354947688964454,275472
Tremellomycetes,-9.723923869685132e-05,0.09237237891187781,247395
Trypanosomatida,-0.002474620645039375,0.09589566692613369,216680
Leotiomycetes,0.0007952196554402053,0.11302988598960778,214065
Saccharomycetes,-6.079885821880644e-06,0.12445669364826047,182612
Mucoromycetes,0.0007004965458891521,0.10847634372020566,166741
Rhabditida,0.011712659740940497,0.1882212805928599,165709
Peronosporaceae,0.0014889020818034235,0.09210316140063685,135273
Branchiopoda,0.0002795583611182111,0.08398227199142441,129614
,0.0007755649754751999,0.1275140587863736,116940
Coccidia,0.00045303351277690897,0.11369231480025434,113351
Anthoathecata,0.002992418027988602,0.09334870842769284,109730
Haemosporida,0.00040183892252351777,0.16894683280420902,106819
Trichomonas,0.0010517078500386508,0.1353630217500185,88188
Actiniaria,0.006365691475002926,0.083482434713023,86881
Echinoidea,-0.0007840441262151885,0.0794170755996751,86529
Oligohymenophorea,0.0007287467928715485,0.1697545431035729,75893
Saprolegniaceae,-0.00033790952187769075,0.07605555738664119,73275
Asteroidea,-0.00169845056747695,0.0687718369494358,66488
Lipomycetes,-0.0005799773909740953,0.0960944673335633,64392
Pucciniomycetes,0.00018141598524498324,0.1391541787174675,63342
Malacalcyonacea,0.00011154215985704647,0.09380534017394225,57451
CS clade,-0.0013238849959322123,0.09322378799500536,55712
Exobasidiomycetes,-0.0006306349674011587,0.07983643986395836,51103
Ustilaginomycetes,-0.0005543929195252807,0.10453824115633363,49226
Piroplasmida,0.0011535067942056152,0.10472161226705305,48611
Cephalopoda,-0.019365734274240997,0.1272936878273851,48274
Lycopodiopsida,-0.0006043177558123178,0.09446170640220188,45695
Chytridiomycetes,0.001200881154671789,0.0916745215756989,45369
Vahlkampfiidae,0.0011861415861670799,0.1280302709114548,45298
Pezizomycetes,0.0001248948497651381,0.11047977556989574,43607
Trematoda,0.019515863901201868,0.13280469769692932,40605
Noelaerhabdaceae,0.0016495263968505864,0.09784341448268345,39334
Ptychodera,0.0004971995580312687,0.05581100861331622,38040
Acytosteliales,0.0017545443620274352,0.13057055019464248,37735
Lecanoromycetes,0.005672296974262713,0.10236743341596527,35789
Entamoebidae,-0.0005284334743916172,0.17384558805259084,35341
Schizosaccharomycetes,0.0013588563882243469,0.09870026656279793,34435
Bryophytina,0.00019411492801543005,0.11878919798338824,33037
Dictyoceratida,0.0008493400550254492,0.08566593903424462,32937
Saccoglossus,-0.0003009166724896232,0.09973723742727868,31573
Glomeromycetes,-0.0018663800012239545,0.15441346599765382,30452
Linguliformea,-3.6347574969728725e-05,0.07291053958193297,30200
Perkinsida,-0.0007500336819946366,0.1399422098364328,29496
Polypodiopsida,-0.019942894389806617,0.11051225408007273,28247
Collembola,-0.0033964636800534087,0.09008629643607236,28160
Leptothecata,-0.00015751369209646268,0.08168160702975125,27519
Dictyosteliales,0.00043964184604909596,0.1585812202616491,26485
Leucosolenida,-0.0001520213842249379,0.11155603885363345,26441
Articulata,0.0024852282293098497,0.07556502458578952,26173
Haplosclerida,0.0008708220277952594,0.10669257876763143,26074
Dipodascomycetes,0.0023767521751771247,0.11518481793721735,26046
Merostomata,-0.0002456617667440861,0.08034494971259894,25927
Clitellata,-0.0027356000625916397,0.13079135306124978,25573
Malasseziomycetes,0.0011261667112458984,0.07264138225171433,25435
Tritrichomonas,-3.226149187081915e-05,0.10937411832074882,25336
Gymnolaemata,0.0018705837060570643,0.1181660034462319,25291
Mortierellomycetes,-0.0014578956459442723,0.10904433744396966,24503
Bathycoccaceae,7.375428795666192e-05,0.16088566859230813,23440
Plakinidae,0.0014598563947417712,0.12373461969567348,22695
Parachela,-0.0013920124306678544,0.07114436406077111,22396
Orbiliomycetes,0.003328541425647107,0.10858612247706172,21963
Suberitida,0.0010947078460058128,0.07249870913030955,21925
Polyplacophora,0.0022128574395297905,0.09160137515907323,21612
Pilidiophora,0.003219129163883061,0.07872161957174971,21125
Chlorellales,0.0016575660112964612,0.07833279673789413,20132
Coscinodiscophyceae,0.0015387420425024205,0.1249749009179584,18645
Bacillariophyceae,0.0007330617865849089,0.10900509720325714,18592
Mamiellaceae,0.00012917455627457373,0.09295837379302463,18560
Sagittiferidae,-0.0032230035962625887,0.11225217242027681,18446
Monocercomonoides,0.002622572006331676,0.25127564398631236,18146
Phaeophyceae,0.05209299559766187,0.15715306071172644,17946
Priapulimorpha,0.00046880524317239095,0.10477307448674085,17379
Oscarellidae,0.0003428559982695291,0.08123777806775832,17352
Gregarinasina,-0.0003883372665731867,0.09197512582623592,17204
Kickxellomycetes,-0.0012158481719420845,0.0920268343625787,17046
Dorylaimia,-0.004057165660956545,0.1307046481889105,17036
Rhizostomatidae,0.00011059934306098632,0.075091622571034,16110
Microbotryomycetes,0.0020970800772234922,0.1306757913710294,15811
Bolinopsidae,-0.0003773764824370831,0.10516365018064036,15730
Acanthamoebidae,0.0015627232011761927,0.10242388016669293,15707
Rhodomelaceae,0.008994257032880482,0.16337785187717188,13916
Cestoda,0.05769844746758497,0.15924393809479798,13576
Calcarisporiellales,0.000627300953089542,0.10056092505593356,12118
Opalinata,0.0016820294799817482,0.16728331438387276,11991
Pelagomonadales,0.000983824176539768,0.06391608265430748,11925
Pneumocystomycetes,0.004650826376043169,0.18536683750591373,11426
Trichoplacidae,0.002046006904702545,0.07237403091537759,11332
Gracilariaceae,-0.0006104254222516427,0.16212410477704026,11148
Histomonas,0.001317330274189557,0.10656904978522029,11119
Trebouxiophyceae incertae sedis,0.0024405743611890466,0.069039998962876,10762
Wallemiomycetes,-0.0006692766596493178,0.09277576138364134,10384
Dacrymycetes,0.0013098385172173551,0.09910325381433949,10298
Chordodea,-0.0014923217119164611,0.1190326278391538,10086
Umbelopsidomycetes,-0.0007345142189072304,0.09066105775882012,10039
Gigartinaceae,0.0035347409261305813,0.15780879851259724,9946
Spironucleus,-0.0014988778962310738,0.13162140616938725,9066
Xylonomycetes,-0.0007774918135400318,0.09202616588870899,8346
Encephalitozoon,0.006013705216678748,0.21510484723894366,8054
Cystobasidiomycetes,-0.0006685999177713037,0.07589856234975273,7862
Galdieria,-0.0021385978918986442,0.15368187238970762,7215
Taphrinomycotina incertae sedis,0.0009902657053890433,0.11349570671364934,7200
Mixiomycetes,0.0010078272720737754,0.06882966281292599,6838
Taphrinomycetes,-0.0013689872350078616,0.07792945493568401,6768
Jungermanniopsida,0.002869456643921625,0.12553861811722167,6586
Vairimorpha,0.0033041865716836585,0.18771493876869969,6479
Eustigmatales,0.0011538640103054753,0.12810848566331867,6136
Cyanidioschyzon,0.0019195840511025686,0.07213366157189577,5678
Giardia,-0.0007143169176516658,0.07824176141192819,5385
Ordospora,-0.01169579651690896,0.28395288655925627,3756
Ulvales,0.02233360669036518,0.13246171346178426,3728
Bryopsidales,0.0052185208016498315,0.13021795146434362,3659
Polychaeta,-0.11575429455373652,0.2076918483665634,3456
Mediophyceae,0.006155845753081073,0.14532282674157845,3349
Hypneaceae,-0.0025263354354592986,0.17226749201999167,3171
Liagoraceae,0.014168020093305138,0.14268792109785558,2879
Vavraia,0.0018414211845150573,0.17066684913213145,2825
Euglenophyceae,-0.003161970088834499,0.16830458021008352,2666
Delesseriaceae,0.001690749589313637,0.16531522110967586,2314
Vittaforma,-0.0076551900569890525,0.16577842096381218,2293
Halymeniaceae,-0.004072074708682875,0.1588306875190618,2187
Gelidiaceae,-0.0063747414179647,0.15254719276873438,2065
Silicofilosea,0.004223184997852264,0.11474385540925061,1884
Marchantiopsida,0.002886610264681655,0.1317459023188004,1544
Fragilariophyceae,-0.014106396574799038,0.1436100171851355,1478
Zygnematales,0.005296568029233448,0.13253500193411555,1431
Klebsormidiaceae,-0.005626412060220147,0.11157845954458154,1302
Chattonellales,-0.012287350249094834,0.15525837556250366,1285
Chloropicaceae,0.06715918230491931,0.10164700381931459,1201
Ceramiaceae,-0.011423537716780077,0.16307176692240294,1140
OCC clade,0.01353322162086918,0.12694595201199194,1124
Monogenea,0.2442002437598393,0.1593680168923665,1091
Dasyaceae,0.004189396630902788,0.17851637444702992,1083
Watanabeales,0.025568013004182044,0.11745149866548608,953
Ophiuroidea,-0.16748212805385607,0.155758712562644,929
Hapalidiaceae,-0.007670470558060995,0.16461015062309006,915
Corallinaceae,-0.01161101828785317,0.16346551661503406,899
Holothuroidea,-0.09832952050036102,0.18136067673168216,892
Neoporphyra,-0.015812124579730105,0.14225802355293918,856
Caulacanthaceae,0.0046423168189025765,0.15645182784308168,851
Trebouxiales,0.014597884059066903,0.1208867071766936,833
Diplopoda,-0.07939477085257302,0.3277315242184103,826
Anthocerotopsida,-0.0019484616465683517,0.1333848680775976,817
Desmidiales,0.006255176928982295,0.12270434644886978,792
Batrachospermaceae,-0.007929062199214187,0.14914121624617452,776
Porphyridium,-0.009254496886725486,0.15094971615432518,737
Trentepohliales,-0.004249001061642622,0.1369506182114538,737
Ulotrichales,-0.005127738740155065,0.12022041237075104,721
Hildenbrandiaceae,0.016888695200347806,0.14142895954060442,713
Pyropia,-0.00902368235826565,0.13975657197869457,660
Scleralcyonacea,0.05477716363258018,0.09531697829939367,655
Sphagnophytina,0.005386731174790746,0.11538312304295499,649
Porphyra,-0.012290587108700127,0.14432821354745967,610
Pycnogonida,-0.21267800072306825,0.22499490820093918,591
Palmariaceae,-0.005353455210038388,0.1386574290874787,589
Ahnfeltiaceae,0.0009600416301410799,0.14839681302080168,585
Klebsormidiales incertae sedis,0.0004211738273698365,0.10211382006403344,559
Nephroselmidaceae,0.001942879278633494,0.1086686765798832,543
Chlorodendrales,-0.010767174679383273,0.11992423130566773,533
Phyllophoraceae,0.021483352468412747,0.15321056346896605,533
Rhabditophora,0.29342927698193316,0.17782881835889866,515
Isochrysidaceae,0.02762436664170347,0.13075326195812625,506
Acrochaetiaceae,-0.004398840826246683,0.13814803965744818,490
Zoantharia,0.07793781129912251,0.05418727337361797,488
Galaxauraceae,0.015682034750792898,0.1574550044951326,484
Prasiolales,0.013090847026630426,0.13529413262510562,475
Phaeocystaceae,0.024030223914334223,0.14252891845214385,469
Bangia,-0.023891493305697144,0.13615960045195397,461
Characeae,-0.004696432897253603,0.11547488382181172,438
Synurales,-0.007765120075197483,0.16329784558828556,436
Neopyropia,0.005732740025627871,0.14436792091308606,434
Bigelowiella,0.00386931190791744,0.14089835139155954,426
Pyramimonadaceae,-0.00039303085668359293,0.1325727992752471,382
Entomophthoromycetes,0.18847438346480097,0.15342928631066402,369
Siphonophorae,0.07653095576149176,0.1031627346977913,353
Kryptoperidiniaceae,0.01044344915302411,0.13313490487440569,344
Jenufa,0.02202732431226738,0.1270242454303575,331
Pythiaceae,-0.0019535023842850233,0.17453187527469782,325
Oligostraca,-0.3333497860648994,0.2664256618608575,322
Enopla,0.3237164117589464,0.15620324089784252,309
Palaeacanthocephala,0.39187688736684356,0.28735829333941676,303
Haplomitriopsida,0.007900832166133827,0.11797988005540024,302
Spirotrichea,0.017016088984692722,0.17198527577459366,300
Wildemania,-0.015077678970522118,0.13804774996408622,300
Solieriaceae,-0.01070437863269751,0.1455858267038394,298
Cyanidium,-0.034450988378127795,0.15018888714951634,291
Bonnemaisoniaceae,-0.01597834671174981,0.18098478128372125,289
Cyanidiococcus,0.02884206637541473,0.16673168760414597,286
Rhodymeniaceae,-0.000833977664231112,0.143642590006231,286
Sporolithaceae,-0.015956170142021275,0.1618336492214838,283
Pulvinaster,0.009953094736682665,0.16264471349600165,282
Thoreaceae,-0.02746166689016006,0.1570888156890674,277
Madagascaria,0.01328126926584665,0.13872206358257982,276
Plocamiaceae,-0.011148898078566699,0.17606924833136886,276
Sahlingia,-0.015418109801475321,0.13889865531423617,276
Porolithaceae,-0.008335496449627397,0.15476653588146486,275
Compsopogon,0.01766410225224138,0.1542857225205765,274
Spongitidaceae,-0.005874195873646599,0.14053257037413647,273
Pseudoerythrocladia,0.011670681264766272,0.1373433995222866,272
Pedinomonadaceae,0.0091488552056551,0.12513113473716883,271
Endocladiaceae,0.002432971019272566,0.13353003164626703,265
Andreaeophytina,0.010876639232605723,0.1217241753121366,264
Erythrolobus,-0.011842536104209522,0.14716732044735523,261
Spyridiaceae,0.0019818422082116113,0.15472701579081674,251
Glaucosphaera,0.008823757297821882,0.14870240674786975,249
Goniochloridales,0.05026025237433427,0.13352448715587653,249
Ignatiaceae,-0.010127655642071274,0.1160251576507724,248
Spongillida,0.1597124925653835,0.09273265924741046,247
Chlorokybaceae,0.02197990201076322,0.12175315013914674,246
Rhodella,-0.009260594779109588,0.1464125581149927,245
Parmales,0.0026128349493368245,0.15568728726853842,242
Scinaiaceae,0.00819995992227197,0.13973975535624839,242
Balbianiaceae,0.00020197053073557823,0.13679959257228863,239
Dixoniella,0.012664851038647437,0.15682013780019718,239
Schizymeniaceae,-6.443813313399929e-06,0.15096965648485836,239
Sebdeniaceae,-0.011651313617415945,0.1644425366406007,238
Nemaliaceae,0.00014010107665916115,0.13122610922736036,237
Schimmelmanniaceae,-0.006581260613906334,0.16625082838223568,236
Champiaceae,-0.012986464751101701,0.15489551418951203,233
Rhodaphanes,0.011692616308866881,0.1480938482352835,233
Coleochaetaceae,0.025914810898569906,0.12261487512890679,232
Goniotrichopsis,0.007251099941831353,0.14696075973805106,231
Palmophyllaceae,-0.008671782433949952,0.1344757375313324,230
Stylonema,0.008708066574691116,0.14760053963928507,230
Erythrotrichia,-0.01746481690549694,0.13036152939973433,229
Chroodactylon,0.003229744407656015,0.133298042213696,228
Chroothece,0.006431029538988155,0.13984556195898598,228
Rhodospora,0.007975892828513954,0.1271677889928777,228
Schizocladia,0.05241956048002072,0.1400463064408822,228
Bangiopsis,-0.0037670717486709255,0.14447211475592134,227
Tsunamia,8.062483916396459e-05,0.1356725588494189,227
Timspurckia,0.001790577479374121,0.13137516999208385,225
Boldia,0.019672374819666404,0.14294699094093713,223
Olisthodiscaceae,-0.024997426722494796,0.13418144142351318,221
Pterocladiaceae,-0.0020389011569413263,0.1460085781780722,221
Pedinellales,0.010553394533903545,0.13928013952854792,219
Chaetosphaeridiaceae,-0.01100023582440705,0.12937873145010267,217
Mesostigmataceae,-0.005054328853205731,0.14017893258189557,217
Microthamniales,0.019843378654009574,0.12392083407799068,214
Jakoba,0.03764646395645054,0.18467101369805855,213
Raphidophyceae incertae sedis,-0.018585215898005072,0.14112454350814,204
Bulboplastis,-0.010809012050381919,0.1745680078098783,200
Monomastigaceae,0.009728798747278713,0.10268576794764404,200
Xenoturbella,-0.21818876031901832,0.15897843302327316,198
Chrysochromulinaceae,0.030411300958894535,0.12877219474460008,192
Oltmannsiellopsidaceae,0.011027057094505842,0.11226717944749803,190
Diacronema,0.006530766966244758,0.137505017221623,189
Picocystaceae,0.0006956847026750521,0.11585461140231156,185
Prasinodermaceae,-0.006446961208513914,0.11093536648117332,179
Chilopoda,-0.28835151343328236,0.18505884553311094,178
Leiosporocerotopsida,0.0063588539587084774,0.12307513203877399,178
Xanthophyceae,-0.02297921669624352,0.15429070928308916,172
Ochromonadales,-0.006966190325058468,0.14745828478065667,170
Rhizochromulinales,-0.003562238684991,0.12261210513231514,159
Lotharella,-0.03570965310073614,0.1393105620510777,157
Florenciellales,0.01276841701271943,0.12661773776411656,155
Corallimorpharia,0.25724814283736297,0.06244303403716042,153
Hymenomonadaceae,-0.031328572065029044,0.12928656701623994,145
Dictyochales,-0.02998729545575127,0.13122702134664316,144
Pavlova,0.0020850202397362577,0.14595568856790414,142
Gelidiellaceae,-0.012682254864535272,0.14905765390231301,141
Sipuncula,-0.16789638957774516,0.17412487207749114,140
Aplacophora,-0.18727433239842972,0.20040689264002837,138
Oltmansiellopsidales,-0.0134693743665613,0.11739032175272011,127
Axinellida,0.1896143537329587,0.10214893582607573,123
Chondrillida,0.20095980379623204,0.08732025147398678,123
Verongiida,-0.009704005057595921,0.13548239441331789,123
Chlorosarcinales,0.042309539276646574,0.11618913413765165,121
Poecilosclerida,0.30214663590918817,0.10784644542804649,121
Bicosoecida,0.0468607731978052,0.147169165053702,119
Choreocolacaceae,-0.009500691218245715,0.16167052260362855,116
Monoblepharidomycetes,-0.010712855520247987,0.14855956112732943,116
Antipatharia,0.10888346148786783,0.05163412211313162,112
Lyssacinosida,-0.2550420950803391,0.15967235741559124,112
Treubariaceae,0.04893274774818455,0.12656103791217005,112
Chromera,-0.00646486898411036,0.12912090357700032,111
Plasmodiophorida,0.07238167421383115,0.15168610813407468,111
Andalucia,0.02308704175474347,0.1510477813562056,106
Takakiophytina,-0.00954177898820258,0.11131583475288326,104
Histiona,0.038771371663197156,0.11695931594732661,103
Gymnochlora,0.02774038294894006,0.16070791809962284,97
Partenskyella,-0.025246871431430083,0.1659489161655405,97
Reclinomonas,0.09879180249777902,0.1270590895547277,97
Dolichomastigales incertae sedis,0.003962479054389923,0.11564817853348348,94
Tetractinellida,0.22318619764754055,0.08661015124606834,94
Diplura,-0.3725604327118944,0.144801943599835,91
Gymnodiniaceae,0.036676710935917185,0.1289734732403939,91
Nebulidae,0.03577246257090948,0.11476023601086997,87
Bivalvulida,0.31099126702583313,0.16505580756472593,84
Microsporaceae,-0.019356747788612964,0.09755259153446194,78
Chromulinales,0.01264534524471601,0.15349065947894913,75
Euonychophora,0.22624214383829952,0.23188423994254292,75
Loxosomatidae,-0.14185298609780078,0.19798686901595694,75
Rhynchonelliformea,0.20067522094365497,0.26401744069486416,75
Cyclorhagida,0.3888703571869665,0.22910192569782084,74
Monoplacophora,-0.19273571850242335,0.21872526976977685,74
Palaeonemertea,0.19229572264408554,0.1476382424283413,74
Blastocladiales,0.10007430377284333,0.09411793637944804,73
Gruberellidae,0.1431834506630384,0.11257296814958342,71
Isodiametridae,-0.00916931319962003,0.18887114263801902,71
Paravannella,0.27884230619168254,0.12844701532512087,70
Bursovaginoidea,0.013495952788200583,0.31681922647210187,69
Adeleidae,-0.06266171839339331,0.22517746085864396,62
Paramoebidae,0.18386250279664915,0.12470278848165163,62
Cavernulicola,0.0027812129780778873,0.10467708496144176,61
Harpellomycetes,0.01549994289712742,0.16360625073328258,61
Protura,0.19574083124258457,0.25879439950864136,61
Thecamoeba,0.1549999946943142,0.11510497655399492,59
Balamuthiidae,0.12611018451437025,0.09280744492558995,55
Sagittoidea,-0.08575802728040094,0.16361671870833996,55
Ulmaridae,-0.018977766272784448,0.11154061237619743,53
Acrasidae,0.29580815506385477,0.1540661283254895,52
Balanoglossus,-0.2555245918068149,0.15353077019346326,50
Catenulida,0.020034411625200324,0.20143083758585237,49
Lomentariaceae,-0.0047682949744676005,0.1518910411156764,49
Pelagiidae,0.03340781399772398,0.11407734906216135,49
Archiacanthocephala,0.44760289224312566,0.1755123139618465,48
Eoacanthocephala,0.44589139993297205,0.1752613192990328,47
Cercomonadidae,0.13417087916236453,0.08634516863595455,45
Clathrinida,-0.21966159056460974,0.1388498724489157,45
Cryptocaryon,-0.05069097642865716,0.15214494315831736,44
Clionaida,0.25867427336750165,0.08970509033922237,41
Polymastiida,0.23305095153972796,0.08803556083060986,41
Tethyida,0.290894010373531,0.12067940838750003,41
Agelasida,0.16520048957780806,0.11403074081556384,40
Arthoniomycetes,0.06334644997352565,0.14863771859570057,39
Allomalorhagida,0.4057683600913762,0.17077696776410323,38
Stereobalanus,-0.22976460536527732,0.1871862849540425,38
Chaetonotida,0.13053619101757272,0.15049763421840354,37
Glossobalanus,-0.22415878789915056,0.1460629879754694,37
Orthonectida,0.06719201646425661,0.16347440396286314,37
Paratomellidae,0.40921604537064327,0.2243776353953552,37
Phoronidae,0.00392728878219608,0.19098690111857555,37
Phylactolaemata,0.002699395084011805,0.12365152303350778,37
Schizocardium,-0.18493611086011497,0.14811706107214248,37
Cystocloniaceae,-0.04616842068159378,0.20940996613211496,36
Limnomedusae,0.022966979611196467,0.11036389480082043,36
Oxyurida,0.6084772749022102,0.16868426755538457,36
Polyacanthocephala,0.5834585704032881,0.18789420325650824,36
Hexactinosida,-0.20540192229576681,0.14444701570127955,33
Neorhodella,0.18519766357372314,0.09531785731420832,33
Lagenidiales incertae sedis,-0.004527161139463271,0.1451896167548403,31
Legerellidae,-0.06808984269571763,0.22626483419940155,29
Hepatozoidae,0.013155937529290382,0.2015602409788524,28
Rotaliida,-0.17676920705554836,0.13450236854581063,28
Beroidae,0.011593525297885876,0.16536338429425995,27
Multivalvulida,-0.006855560264294229,0.113126935762339,27
Scaphopoda,0.0999404170112895,0.17443840762210408,26
Symphyla,-0.37462732597157483,0.14537776944409392,26
Eurotatoria,0.10242143925708017,0.2835321585112843,24
Myostaurida,-0.04015504822266924,0.1494680013542573,20
Cassiopeidae,0.08690802626990544,0.19865076204189913,19
Mastigiidae,0.07262063295825469,0.17323561578103822,19
Myxogastromycetidae,0.03817364398677934,0.12339850478789938,19
Catostylidae,0.07139638442693078,0.14818908640183354,18
Dendroceratida,0.17736489012420667,0.10617022018862139,18
Heterotrichea,-0.2058463384969809,0.12082726607024864,18
Polypodiidae,0.514761968372532,0.1280631098167093,17
Thysanostomatidae,0.017556972009110276,0.10140180848223268,17
Pleurobrachiidae,-0.14653310577435077,0.14570738304166042,16
Pauropoda,-0.40491099902662814,0.1571388215972331,13
Remipedia,-0.29361144822812507,0.12042515999944554,13
Rozella,-0.028735169130580277,0.3822356946382768,13
Stenolaemata,0.01131949954462771,0.18765213576635661,12
